QTL,start_conf_interval,end_conf_interval,coeff,effect_size,Edge,Gene.Use,QTL_group
chr04_1051304,chr04_997621,chr04_1066019,-1.217304854442284,-0.022773666263,CATTTATGGCTATCT,in VAM6,
chr02_482213,chr02_442227,chr02_740822,0.1905797174546564,0.00355216087676,TCAAGTACGATATAA,in ECI1,
chr03_81970,chr02_798776,chr03_93824,0.23567894679748322,0.00560392556411,CCACGAGTGTGGGAC,in YPR077C|YPR078C,
chr04_302581,chr04_290003,chr04_318487,0.11699657726932079,0.00261177366441,ACAACACCCATATAC,nearby RPS5,
chr08_491020,chr08_468936,chr08_518458,0.19353160296596522,0.0036495194728,ATTTATATATACAAA,nearby LYS4,
chr04_200995,chr04_174090,chr04_302581,-0.19699709516010844,-0.00367177254542,AAAATAAGAAGGGCA,nearby YER085C,
chr15_669721,chr15_653761,chr15_741441,0.14925219431850884,0.002775155278,ATAATCAGCATTGTA,in FMS1,
